{
  "meta": {
    "test_name": "resource_optimization",
    "area": "cloud_resource_management",
    "timestamp": "2023-10-18T09:47:53.217842",
    "version": "1.0.0"
  },
  "resource_utilization": {
    "baseline": {
      "cpu": [0.72, 0.68, 0.74, 0.71, 0.69, 0.73, 0.70, 0.75, 0.67, 0.72],
      "memory": [0.81, 0.78, 0.83, 0.80, 0.79, 0.82, 0.80, 0.84, 0.77, 0.81],
      "disk_io": [0.42, 0.39, 0.45, 0.41, 0.40, 0.44, 0.43, 0.46, 0.38, 0.43],
      "network": [0.57, 0.53, 0.59, 0.56, 0.54, 0.58, 0.55, 0.60, 0.52, 0.56]
    },
    "optimized": {
      "cpu": [0.89, 0.86, 0.91, 0.88, 0.87, 0.90, 0.87, 0.92, 0.85, 0.88],
      "memory": [0.92, 0.89, 0.94, 0.91, 0.90, 0.93, 0.91, 0.95, 0.88, 0.92],
      "disk_io": [0.68, 0.65, 0.71, 0.67, 0.66, 0.70, 0.69, 0.72, 0.64, 0.67],
      "network": [0.79, 0.76, 0.82, 0.78, 0.77, 0.81, 0.78, 0.83, 0.75, 0.80]
    }
  },
  "cost_efficiency": {
    "baseline": {
      "hourly_cost_usd": [12.45, 12.87, 12.31, 12.68, 12.52, 12.75, 12.39, 12.92, 12.27, 12.63],
      "monthly_projected_usd": 9196.24,
      "cost_per_request_usd": [0.00031, 0.00028, 0.00033, 0.00030, 0.00029, 0.00032, 0.00030, 0.00034, 0.00027, 0.00031]
    },
    "optimized": {
      "hourly_cost_usd": [9.18, 9.52, 9.08, 9.39, 9.27, 9.45, 9.16, 9.58, 9.05, 9.36],
      "monthly_projected_usd": 6827.52,
      "cost_per_request_usd": [0.00023, 0.00021, 0.00024, 0.00022, 0.00021, 0.00023, 0.00022, 0.00025, 0.00020, 0.00022]
    },
    "savings_percentage": 25.76
  },
  "right_sizing": {
    "over_provisioned": {
      "instances_count": 14,
      "potential_savings_usd": 1872.45,
      "recommendation": "Downsize to smaller instance types based on utilization patterns"
    },
    "under_provisioned": {
      "instances_count": 3,
      "performance_impact": "Minor latency increases during peak load",
      "recommendation": "Increase capacity or implement auto-scaling for these instances"
    }
  },
  "auto_scaling": {
    "scale_up_events": {
      "average_detection_time_sec": 28.4,
      "average_provision_time_sec": 65.7,
      "service_impact": "Minimal (0.3% requests experienced increased latency)"
    },
    "scale_down_events": {
      "average_detection_time_sec": 138.2,
      "average_decommission_time_sec": 42.5,
      "cost_impact": "Saved approximately 18.7% on non-peak hours"
    }
  },
  "provider_comparison": {
    "aws": {
      "optimization_score": 0.86,
      "cost_efficiency_score": 0.83,
      "ease_of_management": 0.89
    },
    "gcp": {
      "optimization_score": 0.84,
      "cost_efficiency_score": 0.87,
      "ease_of_management": 0.85
    },
    "azure": {
      "optimization_score": 0.82,
      "cost_efficiency_score": 0.81,
      "ease_of_management": 0.87
    }
  },
  "summary": {
    "optimization_impact": "25.76% cost reduction while improving resource utilization by 21.4%",
    "key_recommendations": [
      "Implement predictive auto-scaling based on historical patterns",
      "Migrate 14 overprovisioned instances to right-sized alternatives",
      "Schedule batch processing workloads during off-peak hours",
      "Consider GCP for compute-intensive workloads based on cost efficiency metrics"
    ]
  }
}
